feature	coefficient
housing_density	1.832291220528375e-39
pop_density	1.809344778355859e-39
gini	9.033074970910598e-40
no_health_ins	8.826603083910574e-40
pct_child_in_pov	8.673994774279876e-40
svi_overall	8.645872109635075e-40
sev_hou_cost_burden	7.546358917342323e-40
lessthan_hs	7.057881916826376e-40
single_mom	6.641345127705001e-40
sev_hou_prob	6.575692563240635e-40
